"6","37"
"6","38"
"3","40"
"3","41"
"3","49"
"3","50"
"3","51"
"3","52"
"3","53"
"3","54"
"3","55"
"3","56"
"3","57"
"3","58"
"3","59"
"3","60"
"3","61"
"3","62"
"3","63"
"3","64"
"3","65"
"3","66"
"3","67"
"3","68"
"3","42"
"3","43"
"3","44"
"3","45"
"3","46"
"3","47"
"3","48"
"1","70"
"1","71"
"1","72"
"1","73"
"1","74"
"1","75"
"1","76"
"7","337"
"2","314"
"2","323"
"2","324"
"2","325"
"2","326"
"2","327"
"2","328"
"2","329"
"2","315"
"2","316"
"2","317"
"2","318"
"2","319"
"2","320"
"2","321"
"2","322"
"4","78"
"4","87"
"4","88"
"4","89"
"4","310"
"4","311"
"4","312"
"4","79"
"4","80"
"4","81"
"4","82"
"4","83"
"4","84"
"4","85"
"4","86"
"7","346"
"7","347"
"7","348"
"7","349"
"7","350"
"7","351"
"7","352"
"7","353"
"7","354"
"7","355"
"7","338"
"7","356"
"7","357"
"7","358"
"7","359"
"7","360"
"7","361"
"7","362"
"7","363"
"7","364"
"7","365"
"7","339"
"7","366"
"7","367"
"7","368"
"7","369"
"7","370"
"7","371"
"7","373"
"7","374"
"7","375"
"7","340"
"7","376"
"7","377"
"7","378"
"7","379"
"7","380"
"7","381"
"7","382"
"7","383"
"7","384"
"7","385"
"7","341"
"7","386"
"7","387"
"7","388"
"7","389"
"7","390"
"7","391"
"7","342"
"7","343"
"7","344"
"7","345"
"7","372"
"8","332"
"8","333"
"8","334"
"8","335"
"8","331"
"20","202"
"20","211"
"20","212"
"20","213"
"20","214"
"20","215"
"20","216"
"20","217"
"20","218"
"20","219"
"20","220"
"20","203"
"20","221"
"20","222"
"20","223"
"20","224"
"20","225"
"20","226"
"20","227"
"20","228"
"20","229"
"20","230"
"20","204"
"20","231"
"20","232"
"20","233"
"20","205"
"20","206"
"20","207"
"20","208"
"20","209"
"20","210"
"18","180"
"19","235"
"19","244"
"19","245"
"19","246"
"19","247"
"19","248"
"19","249"
"19","250"
"19","251"
"19","252"
"19","236"
"19","237"
"19","238"
"19","239"
"19","240"
"19","241"
"19","242"
"19","243"
"23","254"
"23","263"
"23","264"
"23","265"
"23","266"
"23","267"
"23","268"
"23","269"
"23","270"
"23","271"
"23","272"
"23","255"
"23","273"
"23","274"
"23","275"
"23","276"
"23","277"
"23","278"
"23","279"
"23","280"
"23","281"
"23","282"
"23","256"
"23","283"
"23","284"
"23","285"
"23","286"
"23","287"
"23","288"
"23","289"
"23","290"
"23","291"
"23","292"
"23","257"
"23","293"
"23","294"
"23","295"
"23","296"
"23","297"
"23","298"
"23","299"
"23","300"
"23","301"
"23","302"
"23","258"
"23","303"
"23","304"
"23","305"
"23","306"
"23","307"
"23","308"
"23","309"
"23","259"
"23","260"
"23","261"
"23","262"
"15","110"
"15","111"
"15","112"
"15","113"
"15","115"
"15","117"
"15","118"
"15","123"
"15","109"
"15","92"
"15","114"
"15","116"
"15","119"
"15","93"
"15","120"
"15","121"
"15","122"
"15","124"
"15","125"
"15","126"
"15","127"
"15","128"
"15","129"
"15","141"
"15","142"
"15","143"
"15","149"
"15","150"
"15","159"
"15","169"
"15","168"
"15","167"
"15","170"
"15","171"
"15","172"
"15","392"
"15","393"
"15","394"
"15","255"
"20","276"
"20","395"
"16","314"
"16","323"
"16","324"
"16","325"
"16","326"
"16","327"
"16","328"
"16","329"
"16","315"
"16","316"
"16","317"
"16","318"
"16","319"
"16","320"
"16","321"
"16","322"
"16","91"
"16","100"
"16","101"
"16","102"
"16","103"
"16","104"
"16","105"
"16","106"
"16","107"
"16","108"
"16","109"
"16","92"
"16","110"
"16","111"
"16","112"
"16","113"
"16","114"
"16","115"
"16","116"
"16","117"
"16","118"
"16","119"
"16","93"
"16","120"
"16","121"
"16","122"
"16","123"
"16","124"
"16","125"
"16","126"
"16","127"
"16","128"
"16","129"
"16","94"
"16","130"
"16","131"
"16","132"
"16","133"
"16","134"
"16","135"
"16","136"
"16","137"
"16","138"
"16","139"
"16","95"
"16","140"
"16","141"
"16","142"
"16","143"
"16","144"
"16","145"
"16","146"
"16","147"
"16","148"
"16","149"
"16","96"
"16","150"
"16","151"
"16","152"
"16","153"
"16","154"
"16","155"
"16","156"
"16","157"
"16","158"
"16","159"
"16","97"
"16","160"
"16","161"
"16","162"
"16","163"
"16","164"
"16","165"
"16","166"
"16","167"
"16","168"
"16","169"
"16","98"
"16","170"
"16","171"
"16","172"
"16","392"
"16","393"
"16","394"
"16","99"
"18","91"
"18","100"
"18","101"
"18","102"
"18","103"
"18","104"
"18","105"
"18","106"
"18","107"
"18","108"
"18","109"
"18","92"
"18","110"
"18","111"
"18","112"
"18","113"
"18","114"
"18","115"
"18","116"
"18","117"
"18","118"
"18","119"
"18","93"
"18","120"
"18","121"
"18","122"
"18","123"
"18","124"
"18","125"
"18","126"
"18","127"
"18","128"
"18","129"
"18","94"
"18","130"
"18","131"
"18","132"
"18","133"
"18","134"
"18","135"
"18","136"
"18","137"
"18","138"
"18","139"
"18","95"
"18","140"
"18","141"
"18","142"
"18","143"
"18","144"
"18","145"
"18","146"
"18","147"
"18","148"
"18","149"
"18","96"
"18","150"
"18","151"
"18","152"
"18","153"
"18","154"
"18","155"
"18","156"
"18","157"
"18","158"
"18","159"
"18","97"
"18","160"
"18","161"
"18","162"
"18","163"
"18","164"
"18","165"
"18","166"
"18","167"
"18","168"
"18","169"
"18","98"
"18","170"
"18","171"
"18","172"
"18","392"
"18","393"
"18","394"
"18","99"
"17","91"
"17","100"
"17","101"
"17","102"
"17","103"
"17","104"
"17","105"
"17","106"
"17","107"
"17","108"
"17","109"
"17","92"
"17","110"
"17","111"
"17","112"
"17","113"
"17","114"
"17","115"
"17","116"
"17","117"
"17","118"
"17","119"
"17","93"
"17","120"
"17","121"
"17","122"
"17","123"
"17","124"
"17","125"
"17","126"
"17","127"
"17","128"
"17","129"
"17","94"
"17","130"
"17","131"
"17","132"
"17","133"
"17","134"
"17","135"
"17","136"
"17","137"
"17","138"
"17","139"
"17","95"
"17","140"
"17","141"
"17","142"
"17","143"
"17","144"
"17","145"
"17","146"
"17","147"
"17","148"
"17","149"
"17","96"
"17","150"
"17","151"
"17","152"
"17","153"
"17","154"
"17","155"
"17","156"
"17","157"
"17","158"
"17","159"
"17","97"
"17","160"
"17","161"
"17","162"
"17","163"
"17","164"
"17","165"
"17","166"
"17","167"
"17","168"
"17","169"
"17","98"
"17","170"
"17","171"
"17","172"
"17","392"
"17","393"
"17","394"
"17","99"
"3","397"
"5","202"
"5","211"
"5","212"
"5","213"
"5","214"
"5","215"
"5","216"
"5","217"
"5","218"
"18","398"
"18","399"
"18","400"
"18","401"
"18","402"
"18","403"
"18","404"
"18","405"
"18","406"
"18","407"
"18","408"
"18","409"
"18","410"
"18","411"
"18","412"
"18","413"
"18","414"
"18","415"
"18","416"
"18","417"
"18","418"
"18","419"
"18","420"
"18","178"
"18","421"
"18","422"
"18","423"
"18","424"
"18","425"
"18","426"
"18","427"
"18","428"
