"1","1","001","A00","Kolera"
"2","1","002","A01","Demam tifoid dan paratifoid"
"3","1","003","A03","Sigelosis"
"4","1","004.0","A06.4","Abses hati amuba"
"5","1","004.9","A06.0-3.5-9","Amebiasis lainnya"
"6","1","005","A09","Diare & gastroenteritis oleh penyebab Infeksi tertentu (kolitis infeksi)"
"7","1","006","A02. A04-A05. A07-A08","Penyakit infeksi usus lainnya"
"8","1","007.0","A15.0","Tuberkulosis (TB) paru BTA (+) dengan/tanpa tindakan kuman TB"
"9","1","007.1","A15.1-A16.2","Tuberkulosis paru lainnya"
"10","1","007.9","A16.3-9","Tuberkulosis alat napas lainnya"
"11","1","008.0","A17.0","Meningitis tuberkulosa"
"12","1","008.1","A17.1-7","Tuberkulosis susunan saraf pusat lainnya"
"13","1","008.2","A18.0","Tuberkulosis tulang dan sensi"
"14","1","008.3","A18.2","Limfadenitis tuberkulosa"
"15","1","008.4","A19","Tuberkulosis milier"
"16","1","008.9","A18.1.3-8","Tuberkulosis lainnya"
"17","1","009","A20","Sampar/Pes"
"18","1","010","A23","Bruselosis"
"19","1","011","A30","Lepra/Kusta"
"20","1","012","A33","Tetanus neonatorum"
"21","1","013","A34-A35","Tetanus lainnya"
"22","1","014","A36","Difteria"
"23","1","015","A37","Pertusis/Batuk rejan"
"24","1","016","A39","Infeksi meningokok"
"25","1","017","A40-A41","Septisemia"
"26","1","018.0","A22","Antrak"
"27","1","018.9","A21.24-28. A31-32, 38-42-49","Penyakit bakteri lainnya"
"28","1","019","A50","Sifilis bawaan"
"29","1","020","A51","Sifilis dini"
"30","1","021","A52-A53","Sifilis lainnya"
"31","1","022","A54","Infeksi gonokok"
"32","1","023","A55-A56","Penyakit klamidia yg ditularkan melalui Hubungan seksual"
"33","1","024","A57-A64","Infeksi lainnya yang terutama ditularkan Melalui hubungan seksual"
"34","1","025","A68","Demam bolak balik"
"35","1","026","A71","Trakoma"
"36","1","027","A75","Demam tifus"
"37","1","028","A80","Poliomielitis akut"
"38","1","029","A82","Rabies"
"39","1","030","A83-A86","Ensefalitis virus"
"40","1","031","A95","Demam kuning"
"41","1","032.0","A90","Demam dengue"
"42","1","032.1","A91","Demam berdarah dengue"
"43","1","032.2","A92.0","Chikungunya"
"44","1","032.3","A92.1-A92","Demam virus tular nyamuk"
"45","1","032.9","A93-A94. A96-A99","Demam virus dan demam berdarah virus tular Serangga lainnya"
"46","1","033","B00","Infeksi herpesvirus (Herpes simpleks)"
"47","1","034","B01-B02","Varisela (cacar air) dan zoster (herpes zoster)"
"48","1","035","B05","Campak"
"49","1","036","B06","Rubela"
"50","1","037","B16","Hepatitis B akut"
"51","1","038.0","B15","Hepatitis A akut"
"52","1","038.1","B17.1","Hepatitis C akut"
"53","1","038.2","B17.2","Hepatitis E akut"
"54","1","038.9","B17.0.8 B18-B19","Hetitis virus lainnya"
"55","1","039","B20-B24","Penyakit virus gangguan defisiensi imun Pada manusia (HIV)"
"56","1","040","B26","Gondong"
"57","1","041","A81. A87-A89. B03-B04. B07-B09. B25. B27-B34","Penyakit virus lainnya"
"58","1","042","B35-B49","Mikosis"
"59","1","043","B50.0","Malaria cerebral NOS"
"60","1","043.0","B50.8-9","Malaria falciparum"
"61","1","043.1","B51.0","Malaria vivax"
"62","1","043.2","B51.8-9","Malaria vivax lainnya"
"63","1","043.3","B52.0","Malaria malariae"
"64","1","043.4","B52.8-9","Malaria malariae lainnya"
"65","1","043.5","B53","Malaria ovale"
"66","1","043.9","B54","Malaria YTT"
"67","1","044","B55","Lesmaniasis"
"68","1","045","B56-B57","Tripanosomiasis"
"69","1","046","B65","Skistosomiasis (Bilharziasis)"
"70","1","047","B66","Infeksi trematoda lainnya"
"71","1","048","B67","Ekinokokosis"
"72","1","049","B72","Drakunkuliasis"
"73","1","050","B73","Onkosersiasis"
"74","1","051","B74","Filariasis"
"75","1","052","B76","Penyakit cacing tambang"
"76","1","053","B68-B71, B75, B77-B83","Helmitiansis lain"
"77","1","054.0","B90.9.1","Patu/lobus luluh akibat TB"
"78","1","054.1","B90.9.2","Sindrom obstruksi pasca TB"
"79","1","054.9","B90.0-8","Sekuele (gejala sisa) TB lainnya"
"80","1","055","B91","Sekuele (gejala sisa) poliomielitis"
"81","1","056","B92","Sekuele (gejala sisa) lepra"
"82","1","057.0","A66","Patek (Frambusia)"
"83","1","057.1","A70","Infeksi Klamedia"
"84","1","057.2","B58 ","Toksoplasmosis"
"85","1","057.9","A65. A67. A69-A70. A74. A77-A79. B59-64.85-89.94-99","Penyakit infeksi dan parasit lainnya"
"86","2","058.0","C00-C10","Neoplasma ganas bibir, rongga mulut,Kelenjar liur, faring, tonsil"
"87","2","058.1","C11","Neoplasma ganas nosofaring"
"88","2","058.9","C12-C14","Neoplasma ganas bibir, rongga mulut,Faring, lainnya & YTT"
"89","2","059","C15","Neoplasma ganas esofagus"
"90","2","060","C16","Neoplasma ganas lambung"
"91","2","061","C18","Neoplasma ganas kolon"
"92","2","062","C19-C21","Neoplasma ganas daerah rektosigmoid, Rektum dan anus"
"93","2","063","C22","Neoplasma ganas hati dan saluran empedu Intrahepatik"
"94","2","064","C25","Neoplasma ganas pankreas"
"95","2","065","C17.C23-C24.C26","Neoplasma ganas usus halus dan alat cerna lainnya"
"96","2","066","C32","Neoplasma laring"
"97","2","067.0","C33","Neoplasma ganas trakea"
"98","2","067.9","C34","Neoplasma ganas bronkus dan paru"
"99","2","068.0","C38.1-8","Neoplasma ganas mediastinum"
"100","2","068.9","C30.C3. C37-C38.0 C39","Neoplasma ganas sistem napas dan alat Rongga dada lainnya"
"101","2","069","C40-C41","Neoplasma ganas tulang dan tulang rawan sendi"
"102","2","070","C43","Melanoma ganas kulit"
"103","2","071","C44","Neoplasma ganas kulit lainnya"
"104","2","072.0","C45","Mesotelioma"
"105","2","072.9","C46-C49","Neoplasma ganas jaringan ikat & jaringan Lunak"
"106","2","073","C50","Neoplasma ganas payudara"
"107","2","074","C53","Neoplasma ganas serviks uterus"
"108","2","075.0","C54","Neoplasma ganas korpus uteri"
"109","2","075.9","C55","Neoplasma ganas bagian uterus lainnya Dan YTT"
"110","2","076.0","C56","Neoplasma ganas ovarium (indung telur)"
"111","2","076.1","C58","Neopalsma ganas plasenta (uri)"
"112","2","076.9","C51-C52.C57","Neoplasma ganas alat kelamin perempuan Lainnya"
"113","2","077","C61","Neopalsma ganas prostat"
"114","2","078.0","C60","Neopalsma ganas penis"
"115","2","078.1","C62","Neoplasma ganas testis"
"116","2","078.9","C63","Neoplasma ganas alat kelamin pria lainnya"
"117","2","079","C67","Neoplasma ganas kandung kemih (buli - buli)"
"118","2","080","C64-C65","Neoplasma ganas ginjal, pelvis ginjal"
"119","2","080.9","C66. C68","Neoplasma ganas alat kemih lainnya"
"120","2","081","C69","Neoplasma ganas mata dan adneksa"
"121","2","082","C71","Neoplasma ganas otak"
"122","2","083","C70, C72","Neoplasma ganas bagian susunan saraf pusat"
"123","2","084.0","C73","Neopalsma ganas kelenjar tiroid"
"124","2","084.1","C74-C75","Neoplasma ganas kelenjar endokrin lain dan struktur terkait"
"125","2","084.2","C76","Neoplasma ganas tempat lain dan yang tidak Jelas batasannya"
"126","2","084.3","C77-C80","Neoplasma ganas sekunder dan neoplasma Ganas kelenjar getah bening YTT"
"127","2","084.9","C97","Neoplasma ganas primer tempat multipel"
"128","2","085","C81","Penyakit hodgkin"
"129","2","086","C82-C85","Limfoma non hodgkin"
"130","2","087","C91-C95","Leukimia"
"131","2","088","C88-C90. C96","Neoplasma ganas lain dari limfoid Hematopoetik dan jaringan terkait lainnya"
"132","2","089","D06","Karsinoma in situ serviks uterus"
"133","2","090","D22-D23","Neoplasma jinak kulit"
"134","2","091","D24","Neoplasma jinak payudara"
"135","2","092","D25","Leiomioma uterus"
"136","2","093","D27","Neoplasma jinak ovarium (indung telur)"
"137","2","094","D30","Neoplasma jinak alat kemih"
"138","2","095","D33","Neoplasma jinak otak dan susunan saraf Pusat lainnya"
"139","2","096.0","D04","Karsinoma in situ kulit"
"140","2","096.1","D05","Karsinoma in situ payudara"
"141","2","096.2","D00-D03, D07-D09","Karsinoma"
"142","2","096.3","D12.6","Polip gastrointestinal"
"143","2","096.4","D14.1-4","Neoplasma jinak sistem napas lainnya"
"144","2","096.5","D15.2","Neoplasma jinak mediastinum"
"145","2","096.6","D10-D12.0-5.7-9. D13-D14.0. D15.0.1 D79-D12, D21. D26. D28-29, D31-32. D34-D36","Neoplasma jinak lainnya"
"146","2","096.9","D3-D48","Neoplasma yang tak menentu peragainya Dan yang tak diketahui sifatnya"
"147","3","097","D50","Anemia defisiensi zat besi"
"148","3","098.0","D59","Anemia Hemolitik"
"149","3","098.1","D61","Anemia aplastik lainnya"
"150","3","098.9","D51-D58, D60. D62-D64","Anemia lainnya"
"151","3","099.0","D70","Agranulositosus"
"152","3","099.1","D74","Metahaemoglobinema"
"153","3","099.9","D65-D69, D71-D73, D75-D77","Kondisi hemoragik dan penyakit darah dan organ Pembuat darah lainnya"
"154","3","100","D80-D89","Penyakit tertentu yang menyangkut mekanisme"
"155","4","101","E00-E02","Gangguan tiroid berhubungan dengan Defisiensi iodium"
"156","4","102","E05","Tirotoksikosis (hipertiroidisme)"
"157","4","103.0","E03","Hipotiroidisme lain"
"158","4","103.1","E04","Penyakit gondok nontoksik lain"
"159","4","103.2","E06","Tiroiditis"
"160","4","103.9","E07","Gangguan kelenjar tiroid lainnya"
"161","4","104.0","E10","Diabetes melitus bergantung insulin"
"162","4","104.1","E11","Diabetes melitus tidaj bergantung insulin"
"163","4","104.2","E12","Diabetel militus berhubungan malnutrisi"
"164","4","104.3","E13","Diabetes melitus YDT lainnya"
"165","4","104.9","E14","Diabetes melitus YTT"
"166","4","105","E40-E46","Malnutrisi"
"167","4","106","E50","Defisiensi vitamin A"
"168","4","107","E51-E56","Defisiensi vitamin lainnya"
"169","4","108","E64","Gejala sisa malnutrisi dan defisiensi gizi lainnya"
"170","4","109","E66","Obesitas"
"171","4","110","E86","Deplesi volume (dehidrasi)"
"172","4","111","E15-35.58.63.65.67, E85.87-90","Gangguan endokrin, nutrisi dan metbolik Lainnya"
"173","5","112","F00-F03","Demensia"
"174","5","113","F10","Gangguan mental dan perilaku akibat Penggunaan alkohol"
"175","5","114.0","F11","Gangguan mental dan perlaku akibat Penggunaan opioida"
"176","5","114.1","F12","Gangguan mental dan perilaku akibat Pengguanaan kanabinoida"
"177","5","114.2","F13","Gangguan mental dan perilaku akibat Penggunaan Sedativa atau Hipnotika"
"178","5","114.3","F14","Gangguan mental dan perilaku akibat Penggunaan Kokain"
"179","5","114.4","F15","Gangguan mental dan perilaku akibat Penggunaan stimeunlansia"
"180","5","114.5","F16","Gangguan mental dan perilaku akibat Pengunaan halosinogenika"
"181","5","114.6","F17","Gangguan mental dan perilaku akibat Penggunaan tembakau"
"182","5","114.9","F18.F19","Gangguan mental dan perilaku akibat Zat pelarut yang mudah menguap, atau zat Multipel dan zat psikoaktif lainnya"
"183","5","115.0","F20.F21.F23","Skizofrenia, gangguan skizotipal, psikotik Akut dan sementara"
"184","5","115.1","F22,F24","Gangguan waham menetap dan induksi"
"185","5","115.2","F25","Gangguan skizoafektif"
"186","5","115.9","F28,F29","Gangguan psikotik nonorganik lainnya atau YTT"
"187","5","116.0","F30,F31","Episode manik dan gangguan efektif bipolar"
"188","5","116.9","F32,F39","Episode defresif, gangguan depresif Berulang, gangguan suasana perasaan (mood Efektif) menetap, lainnya atau YTT"
"189","5","117.0","F40,F41.1,3-9","Gangguan anxietas fobik, gangguan anxietas Lainnya"
"190","5","117.1","F42","Gangguan obsesif - kompulsif"
"191","5","117.2","F43.1","Gangguian stres pasca trauma"
"192","5","117.3","F43.0,F43.2,F45,F48","Reaksi terhadap stres berat dan gangguan Penyesuaian, gangguan somatoform, gangguan Neurotik lainnya"
"193","5","117.9","F44","Gangguan dososiatif (konversi)"
"194","5","118","F70-F79","Retardasi mental"
"195","5","119.0","F04, F07, F09","Sindrom amnestik dan gangguan mental organik"
"196","5","119.1","F50-F52,F53.1-9,F54,F59","Sindrom makan, gangguan tidur, disfungsi seksual,gangguan indentitas, gangguan Perilaku lainnya"
"197","5","119.2","F60-F69","Gangguan kepribadian, gangguan kebiasaan Dan impuls, gangguan identitas, gangguan Prevensi seksual"
"198","5","119.3","F80-F89","Gangguan perkembangan psikologis"
"199","5","119.4","F05-F06.0-6,8-9, F90-F98","Gangguan hiperkinetik,perilaku,emosional Atau fungsi sosial khas, gangguan ""tic"" Dan gangguan mental dan emosi lainnya"
"200","5","119.5","F53.0","Depresif post partum"
"201","5","119.6","F41.2","Depresif gangguan cemas"
"202","5","119.9","F99","Gangguan jiwa YTT"
"203","6","120","G00-G09","Penyakit radang susunan saraf pusat"
"204","6","121","G20","Penyakit parkinson"
"205","6","122","G30","Penyakit Alzheimer"
"206","6","123","G35","Sklerosis multipel"
"207","6","124","G40-G41","Epilepsi"
"208","6","125","G43-G44","Migren dan sindrom nyeri kepala lainnya"
"209","6","126","G45","Gangguan serangan peredaran otak sepintas Dan sindroma yang terkait"
"210","6","127.0","G56.0","Sindroma carpal tunnel"
"211","6","127.1","G56.2","Lesi saraf ulnaris"
"212","6","127.2","G56.3","Lesi saraf radialis"
"213","6","127.3","G56.8","Mononeuropati anggota tunuh bagian atas lainnya"
"214","6","127.9","G50-G55, G57-G59","Gangguan saraf , radiks dan pleksus saraf"
"215","6","128.0","G80","Infantil cerebral palsy"
"216","6","128.9","G81-G83","Sindroma paralitik lainnya"
"217","6","129.0","G21","Parkinson sekunder"
"218","6","129.1","G92","Toksik insefallopati"
"219","6","129.9","G10-13, G26, G31-32. G36-G37, G46-47, G60-73, G90-G91, G93, G99","Penyakit susunan saraf lainnya"
"220","7","130","H00-H01","Radang kelopak mata"
"221","7","131","H10-H13","Konjungtivitis dan gangguan lain konjungtiva"
"222","7","132","H15-H19","Keratitis dan dan gangguan lain sklera dan kornea"
"223","7","133","H25-H28","Katarak dan gangguan lain lensa"
"224","7","134","H33","Ablasi dan kerusakan retina"
"225","7","135","H40-H42","Glaukoma"
"226","7","136","H49-H50","Strabismus"
"227","7","137","H52","Gangguan refraksi dan oakomodasi"
"228","7","138","H54","Buta dan rabun"
"229","7","139.0","H02-H03","Gangguan lain kelopak mata"
"230","7","139.1","H04-H06","Gangguan sistem lakrimal dan orbita"
"231","7","139.2","H20-H22","Iridosiklitis dan gangguan lain iris dan Badan silier"
"232","7","139.3","H30-H32","Gangguan koroid dan korieretina"
"233","7","139.4","H34","Sumbatan vaskular retina"
"234","7","139.5","H35-H36","Gangguan lain retina"
"235","7","139.6","H43-H45","Gangguan badan kaca dan bola mata"
"236","7","139.7","H46-H48","Gangguan saraf mata optik dan saraf penglihatan"
"237","7","139.8","H51","Gangguan lain gerakan mata binokular"
"238","7","139.9","H53","Gangguan daya liat"
"239","7","139.10","H55","Nistagmus & pergerakan mata yang tidak teratur lainnya"
"240","7","139.11","H55-H59","Penyakit lain mata dan edneksia"
"241","8","140","H65-H75","Otitis media dan gangguan mastoid dan Telinga tengah"
"242","8","141","H90-H91","Gangguan daya dengar"
"243","8","142.0","H61.8","Fistula/Kista preurikel"
"244","8","142.1","H83.3","Efek kebisingan telinga bagian dalam"
"245","8","142.9","H60-61.3.9 H62, H80-H83.0. H83.2, H83.8-H83.9 H92, H95","Penyakit telinga dan proseus mastoid"
"246","9","143","I00-I02","Demam reumatik akut"
"247","9","144","I05-I09","Penyakit jantung reumatik kronik"
"248","9","145","I10","Hipertensi esensial (primer)"
"249","9","146","I11-I15","Penyakit hipertensi lainnya"
"250","9","147","I21-I22","Infark miokard akut"
"251","9","148","I20, I23-I25","Penyakit jantung iskemik lainnya"
"252","9","149","I26","Emboli paru"
"253","9","150","I44-I49","Gangguan hantaran dan aritmia jantung"
"254","9","151","I50","Gagal jantung"
"255","9","152.0","I42-I43","Kardiomiopati"
"256","9","152.9","I27-I41,51,52","Penyakit jantung lainnya"
"257","9","153","I60-I62","Perdarahan intrakranial"
"258","9","154","I63","Infark serebral"
"259","9","155","I64","Strok tak menyebut perdarahan atau infark"
"260","9","156","I65-I69","Penyakit serebrovaskular lainnya"
"261","9","157","I70","Aterosklerosis"
"262","9","158.0","I73.0","Sindroma raynaud's"
"263","9","158.9","I73, I73.8-9","Penyakit pembuluh darah perifer lainnya"
"264","9","159","I74","Emboli dan trombosis arteri"
"265","9","160","I71-I72,77-79","Penyakit arteri, arteriol dan kapiler lainnya"
"266","9","161","I80-I82","Flebitis, tromboflebitis,emboli dan trombosis vena"
"267","9","162","I83","Varises vena ekstremitas bawah"
"268","9","163","I84","Hemoroid/Wasir"
"269","9","164.0","I85","Varises esofagus"
"270","9","164.9","I86-I99","Penyakit sistem sirkulasi lainnya"
"271","10","165.0","J02","Faringitis akut"
"272","10","165.9","J03","Tonsilitis akut"
"273","10","166","J04","Laringitis dan trakeitis akut"
"274","10","167","J00-J01, J05-J06","Infeksi saluran napas bagian atas akut Lainnya"
"275","10","168","J10","Influensa virus teridentifikasi"
"276","10","168.0","J11","Influensa virus tidak teridentifikasi"
"277","10","169","J12-J18","Pneumonia"
"278","10","170","J20-J21","Bronkitis akut dan bronkiolitis akut"
"279","10","171","J32","Sinusitis kronik"
"280","10","172.0","J30.3","Alergi rhinitis akibat kerja"
"281","10","172.1","J34.8","Ulcus mucosa hidung & performasi septum nasi"
"282","10","172.9","J30.0-J30.2, J30.4-J31, J33-J34.0, J34.3","Penyakit hidung dan sinus hidung lainnya"
"283","10","173","J35","Penyakit tonsil dan adenoid kronik"
"284","10","174","J36-J39","Penyakit saluran napas bagian atas lainnya"
"285","10","175","J40-J44","Bronkitis, emfisema dan penyakit paru Obstruktif kronik lainnya"
"286","10","176.0","J45","Asma"
"287","10","176.9","J46","Atatus asmatika"
"288","10","177","J47","Bronkiektasis"
"289","10","178","J60-J65","Pneumokoniasis"
"290","10","179.0","J85.1.2","Abses paru"
"291","10","179.1","J93","Pneumonotoraks"
"292","10","179.2","J86","Piotoraks (empisema)"
"293","10","179.3","J90-J91","Efusi pleural (empisema)"
"294","10","179.4","J66.0","Bisinosis"
"295","10","179.5","J67","Pneumonisis hipersensitivity akibat abu organik"
"296","10","179.6","J68","Gangguan penafasan akibat menghirup zat kimia, Gas asap dan uap"
"297","10","179.7","J92","Plak pleural"
"298","10","179.9","J22. J66.1.2, J66.8. J69-J85.0.3-J89, J94-J99","Penyakit sistem napas lainnya"
"299","11","180","K02","Karies gigi"
"300","11","181.0","K00-K01","Gangguan perkembangan dan erupsi gigi Termasuk impaksi"
"301","11","181.1","K03","Penyakit jaringan keras gigi lainnya"
"302","11","181.2","K04","Penyakit pulpa dan periapikal"
"303","11","181.3","K05-K06","Penyakit gusi, jaringan periodontal dan tulang Alveolar"
"304","11","181.9","K07-K08","Kelainan dentofasial termasuk maloklusi"
"305","11","182.0","K09-K10","Kista rongga mulut dan penyakit pada rahang"
"306","11","182.1","K11","Penyakit kelenjar liur"
"307","11","182.2","K12","Penyakit jaringan lunak mulut (stomatitis) dan Lesi yang berkaitan"
"308","11","182.9","K13-K14","Penyakit bibir, mukosa mulut lainnya dan lidah"
"309","11","183","K25-K27","Tukak lambung dan duodenum"
"310","11","184","K29","Gastritis dan duodenitis"
"311","11","185.0","K30","Dispepsia"
"312","11","185.9","K20-K23, K28-K31","Penyakit esopagus, lambung dan duodenum Lainnya"
"313","11","186","K35-K38","Penyakit apendiks"
"314","11","187","K40","Hernia inguinal"
"315","11","188","K41-K46","Hernia lainnya"
"316","11","189","K50-K51","Penyakit crohn dan duodenum lainnya"
"317","11","190","K56","Ileus paralitik dan obstruksi usus tanpa hernia"
"318","11","191","K57","Penyakit divertikel usus"
"319","11","192.0","K58","Sindrom usus ringkih (irritable bowel syndrome)"
"320","11","192.9","K52-K55,59-67","Penyakit usus dan peritoneum lainnya"
"321","11","193","K70","Penyakit hati alkohol"
"322","11","194.0","K72","Koma hepatikum dan hepatitis fulminan"
"323","11","194.1","K73","Hepatitis kronik"
"324","11","194.2","K74.6","Sirosis hati"
"325","11","194.3","K76.0","Perlemakan hati"
"326","11","194.4","K76.6","Hipertensi portal"
"327","11","194.5","K76.7","Sindrom hepatorenal"
"328","11","194.6","K71","Penyakit hati akibat bahan beracun di tempat kerja"
"329","11","194.9","K74.0-5, K75, K76.1-5,8,9 K77","Penyakit hati lainnya"
"330","11","195.0","K80","Kolelitiasis"
"331","11","195.9","K81","Kolesistitis"
"332","11","196","K85-K86","Pankreatitis akut dan penyakit pankreas lainnya"
"333","11","197","K82-K83, K87-K93","Penyakit sistem cerna lainnya"
"334","12","198","L00-L08","Infeksi kulit dan jaringan subkutan"
"335","12","199.0","L23-L24","Dermatosis akibat kerja"
"336","12","199.9","L10-L22, L25-L99","Penyakit kulit dan jaringan subkutan lainnya"
"337","13","200.0","M05-M06","Artritis reumatoid"
"338","13","200.1","M07","Psoriasis dan artropati enteropati"
"339","13","200.2","M08-M09","Artritis belia"
"340","13","200.3","M10-M11","Psoriasis dan artripati lainnya"
"341","13","200.9","M12-M14","Artripati dan artritis"
"342","13","201","M15-M19","Artrisis"
"343","13","202","M20-M21","Deformitas tungkai didapat"
"344","13","203.0","M00-M01","Artritis piogenik dan artritis pada penyakit infeksi Dan parasit YDK di tempat lain"
"345","13","203.1","M02-M03","Artripati reaktif"
"346","13","203.9","M22-M25","Kelainan sendi lainnya"
"347","13","204.0","M32","Lupus eritemateus sistemik"
"348","13","204.9","M30-M31, M33-M36","Gangguan jaringan ikat sistemik lainnya"
"349","13","205","M50-M51","Gangguan diskus servikal dan intervertebral lainnya"
"350","13","206.0","M45-M49","Spondiloartropati seronegatif"
"351","13","206.1","M54.5","Nyeri punggung bawah"
"352","13","206.9","M40-M44, M53-M54.0, M54.4, M54.6, M54.8,9","Dorsopati lainnya"
"353","13","207.0","M60-M64, M65.0-M65.3.8.9, M68","Miopati dan reumatisme"
"354","13","207.1","M65.4","Penyakit de queervain"
"355","13","207.2","M70","Gangguan jaringan lunak akibat yang berhubungan Dengan penggunaan tekanan berlebihan"
"356","13","207.9","M71-M79","Gangguan jaringan ikat lainnya"
"357","13","208","M80-M85","Gangguan struktur dan densitas tulang"
"358","13","209","M86","Osteomielitis"
"359","13","210","M87-M99","Penyakit sistem muskuloskeletal dan jaringan ikat Lainnya"
"360","14","211","N00-N01","Sindrom nefritik progresif cepat dan akut"
"361","14","212.0","N04","Ssindrom nefrotik"
"362","14","212.2","N02.8","Nefropati imunoglobulin A (lg A)"
"363","14","212.9","N02.0-7.9. N03, N05-N08","Penyakit glomerulus lainnya"
"364","14","213.0","N12","Nefritis tubulo - intersitial, tidak Ditemukan akut atau kronik/pielonefritis"
"365","14","213.1","N14.3","Nefropati disebabkan oleh logam - logam berat"
"366","14","213.9","N10-N11, N13,14.0-2.4 16","Penyakit tubulo -intersitial ginjal lainnya"
"367","14","214.0","N17.8","Gagal ginjal akut akibat asam jengkol"
"368","14","214.9","N17.0-2,9-N19","Gagal ginjal lainnya"
"369","14","215","N20-N23","Urolitisiasis"
"370","14","216","N30","Sistitis"
"371","14","217","N25-N29, N31-N39","Penyakit sistem kemih lainnya"
"372","14","218","N40","Hiperplasia prostat"
"373","14","219","N41-N42","Gangguan prostat lainnya"
"374","14","220","N43","Hidrokel dan spermatokel"
"375","14","221","N47","Prepusium berlebih, fimosis dan parafimosis"
"376","14","222","N44-N46, N48-N51","Penyakit alat kelamin laki lainnya"
"377","14","223","N60-N64","Gangguan pada payudarah"
"378","14","224","N70","Salpingitis dan ooforitis"
"379","14","225","N72","Radang serviks"
"380","14","226.0","N73","Radang panggul perempuan lainnya"
"381","14","226.1","N75.0.1","Kista dan abses kelenjar Bartholin"
"382","14","226.9","N71, N74, N75.8-N77","Radang alat dalam panggul perempuan lainnya (adneksitis)"
"383","14","227","N80","Endometriosis"
"384","14","228","N81","Prolaps alat kelamin perempuan"
"385","14","229","N83","Gangguan bukan radang pada indung telur, Saluran telur dan ligamentum latum"
"386","14","230.0","N91.0.1.2","Amenare"
"387","14","230.1","N92.0.1","Menoragi atau metroragi"
"388","14","230.9","N91.3-5,92 2-6","Gangguan haid lainnya"
"389","14","231","N95","Gangguan dalam masa menapause dan perime nopause Lainnya"
"390","14","232","N97","Infertilitas perempuan"
"391","14","233","N82. N84-N90. N93-N94. N96. N98-N99","Gangguan sistem kemih kelamin lainnya"
"392","15","234","O03","Abortus spontan"
"393","15","235","O04","Abortus medik"
"394","15","236.0","O00","Kehamilan ektopik"
"395","15","236.1","O01","Mola hidatidosa"
"396","15","236.2","O05","Abortus lainnya"
"397","15","236.9","O02.O06-O08","Kehamilan lain yang berakhir dengan abortus"
"398","15","237.0","O14","Hipertensi gestasional (akibat kehamilan) Dengan proteinuria yang nyata/preeklamsia"
"399","15","237.1","O15","Eklampsia"
"400","15","237.9","O10-O13.O16","Edema,proteinuria dan gangguan hipertensi Dalam kehamilan,persalinan dan masa nifas"
"401","15","238.0","O44","Plasenta previa"
"402","15","238.1","O45","Solusio plasenta"
"403","15","238.9","O46","Perdarahan antepartum"
"404","15","239.0","O30","Kehamilan multipel"
"405","15","239.1","O40","Hidramnion"
"406","15","239.2","O42","Ketuban pecah dini"
"407","15","239.3","O48","Kehamilan lewat waktu"
"408","15","239.9","O31-O39, O41, 043, 047","Perawatan ibu yang berkaitan dengan janin Dan ketuban dan masalah persalinan"
"409","15","240","O64-O66","Persalinan macet"
"410","15","241","O72","Pendarahan pasca persalinan"
"411","15","242.0","O24","Diabetes militus dalam kehamilan"
"412","15","242.1","O60","Persalinan prematur"
"413","15","242.2","O68","Persalinan dengan penyulit gawat janin"
"414","15","242.3","O84","Persalinan multipel"
"415","15","242.9","O20-O23. 025-O29, O61-O63. O67, O69-71, O73-O75. 081-O83","Penyulit kehamilan dan persalinan lainnya"
"416","15","243","O80","Persalinan tunggal spontan"
"417","15","244","O85-O99","Penyulit yang lebih banyak berhubungan Dengan masa nifas dan kondisi obsterik Lainnya, YTK ditempat lain"
"418","16","245","P00-P04","Janin dan bayi baru lahir yang dipengaruhi Oleh faktor dan penyulit kehamilan persalinan Dan kelahiran"
"419","16","246","P05-P07","Pertumbuhan janin lamban, malnutrisi janin Dan gangguan yang berhubungan dengan kehamilan pendek dan berat badan lahir rendah"
"420","16","247","P10-P15","Cedera lahir"
"421","16","248","P20-P21","Hipoksia intrauterus dan asfiksia lahir"
"422","16","249","P22-P28","Gangguan saluran napas lainnya yang Berhubungan dengan masa perinatal"
"423","16","250","P35-P37","Penyakit infeksi dan parasit kongeniotal"
"424","16","251","P38-P39","Infeksi khusus lainnya pada masa perinatal"
"425","16","252","P55","Penyakit hemolitik pd jamin & bayi baru lahir"
"426","16","253.0","P95","Lahir mati"
"427","16","253.9","P08, P29, P50-54, P56-P94, P96","Kondisi lain yang bermula pada masa Perinatal"
"428","17","254","Q05","Spina bifida"
"429","17","255.0","Q03","Hidrosefalus kongenital"
"430","17","255.9","Q00-Q02, Q04, Q06, Q07","Malformasi kongenital susunan saraf lain"
"431","17","256","Q20-Q28","Malformasi kongenital sistem peredaran darah"
"432","17","257","Q35-Q37","Bibir selah dan langit langit celah"
"433","17","258","Q41","Tidak ada, atresia dan stenosis usus halus"
"434","17","259","Q38, Q40, Q42-Q45","Malformasi kongenital sistem cerna lainnya"
"435","17","260","Q53","Testis tidak turun"
"436","17","261.0","Q50-Q52","Malformasi kongenital alat kelamin wanita"
"437","17","261.1","Q54-Q56","Malformasi kongenital alat kelamin laki"
"438","17","261.9","Q60-Q64","Malformasi kongenital sistem kemih lainnya"
"439","17","262","Q65","Deformasi kongenital sendi panggul"
"440","17","263","Q66","Deformasi kongenital kaki"
"441","17","264","Q67-Q79","Malformasi dan deformasi kongenital sistem Muskuloskeletal lain"
"442","17","265","Q10-Q18, Q30-Q34, Q80-Q89","Malformasi kongenital lainnya"
"443","17","266.0","Q90","Sindrom down"
"444","17","266.9","Q91-Q99","Kelainan kromosom YTK ditempat lain"
"445","18","267","R10","Nyeri perut dan panggul"
"446","18","268","R50","Demam yang sebabnya tidak diketahui"
"447","18","269","R54","Senilitas"
"448","18","270.0","R00 - R01","Gejala pada jantung"
"449","18","270.1","R09.2","Gagal napas"
"450","18","270.2","R33","Retensi urin"
"451","18","270.3","R56","Kejang YTT"
"452","18","270.4","R75","Hasil laboratorium positif HIV"
"453","18","270.5","R95","Sindrom mati mendadak pada bayi"
"454","18","270.9","R02-R09.0.1.3.8, R11-R32, R34-R49, R51-R53. R55. R57-R74. R76-R94.96-99","gejala,tanda dan penemuan klinik dan Laboratorium tidak normal lainnya, YDT di Tempat lain"
"455","19","271","S02","Fraktur tengkorak dan tulang muka"
"456","19","272","S12,22,32,T08","Fraktur leher,toraks atau panggul"
"457","19","273","S72","Fraktur paha"
"458","19","274","S42, S52, S62, S82, S92, T10, T12","Fraktur tulang anggota gerak lainnya"
"459","19","275","T02","Fraktur meliputi daerah badan multipel"
"460","19","276","S03,13,23,33,43,53, S63,73,83,93.T03","Dislokasi,terkilir,teregang YDT dan daerah Badab multipel"
"462","19","277","S05","Cedera mata orbita"
"463","19","278","S06","Cedera intrakranial"
"464","19","279","S26 - S27,S36 - S37","Cedera alat dalam lainnya"
"465","19","280","S07-08.17-18.28.38, S47-48. S57-58, S67-68.77-78.87-88, S97-98. T04-05","Cedera remuk dan trauma amputasi YDT dan Daerah badan mulpel"
"466","19","281","S00-01.04.09-11, S14-16.19-21.21.24-25, S29-31.34-35.39-41, S44-46.49-51.54-56, S59-61.64-66.69-71, S74-S76. S79-S81, S84-S86, S89-91.94-96.99, T00-01.06-07.09.11, T13-T14","Cedera YDT lainnya.YTT dan daerah badan mutipel"
"467","19","282.0","T16","Benda asing pada telingah"
"468","19","282.9","T15.T17-T19","Akibat dari kemasukan benda asing melalui Lubang tubuh"
"469","19","283","T20-T32","Luka bakar dan korosi"
"470","19","284","T36-T50","Keracunan obat dan preparat biologok"
"471","19","285.0","T52","Keracunan pelarut organik"
"472","19","285.1","T56","Keracunan logam"
"473","19","285.2","T59","Keracunan gas, asap dan uap lain"
"474","19","285.3","T60","Keracunan pestisida"
"475","19","285.9","T51. T53-T55, T57. T58. T61-T65","Efek toksik bahan non medisinal lainnya"
"476","19","286","T74","Sindrom salah perlakuan"
"477","19","287.0","T66","Efek radiasi YTT"
"478","19","287.1","T67","Efek panas dan pencahayaan"
"479","19","287.2","T70","Efek tekanan udara dan tekanan air"
"480","19","287.9","T33-T35, T68, T69, T71-T73, T75-T78","Efek sebab luar lainnya dan YTT Pembedahan dan perawatan YTK di tempat Lain"
"481","19","288","T79-T88","Penyulit awal trauma tertentu dan penyulit Pembedahan dan perawatan YTK di tempat lain"
"482","19","289","T90-T98","Gejala sisa cedera, keracunan dan akibat Lanjut sebab luar"
"483","22","307","U04","Sindrome akut respiratory berat (SARS)"
"484","21","290.0","Z00.0","Pemeriksaan kesehatan umum"
"485","21","290.1","Z00.1","Pemeriksaan kesehatan bayi dan anak secara Rutin"
"486","21","290.9","Z00.2-Z13","Orang yang mendapatkan pelayanan kesehatan Untuk pemeriksaan khusus dan investigasi lainnya"
"487","21","291","Z21","Keadaan infeksi HIV asimtomatik"
"488","21","292.0","Z23.2","Imunisasi BCG"
"489","21","292.1","Z23.5","Imunisasi tetanus"
"490","21","292.2","Z24.0","Imunaisasi poliomielitis"
"491","21","292.3","Z24.2","Imunisasi rabies"
"492","21","292.4","Z24.4","Imunisasi campak"
"493","21","292.6","Z24.6","Imunisasi hepatitis virus"
"494","21","292.7","Z27.1","Imunisasi gabungan DPT (Difteri,Pertusis,tetanus)"
"495","21","292.8","Z23.0.1.3.4.6-8, Z24.1.3.5. Z25-Z27.0.2-Z29","Imunisasi dan kemoterapi pencegahan lainnya"
"496","21","292.9","Z20, Z22","Orang lain dengan risiko gangguan kesehatan Yang berkaitan dengan penyakit menular"
"497","21","293","Z30","Pengelolaan kontrasepsi"
"498","21","294.0","Z34","Pengawasan kehamilan normal"
"499","21","294.1","Z35","Pengawasan kehamilan dengan risiko tinggi"
"500","21","294.9","Z36","Seleksi antenatal"
"501","21","295","Z38","Bayi lahir hidup sesuai tempat lahir"
"502","21","296","Z39","Perawatan dan pemeriksaan pasca persalinan"
"503","21","297.0","Z46.0","Pemasangan dan penyesuaian kacamata dan Lensa kontak"
"504","21","297.1","Z41.2","Khitanan menurut agama dan adat kebiasaan"
"505","21","297.2","Z46.3","Pemasangan dan penyesuaian gigi palsu"
"506","21","297.3","Z50","Pelayanan yang melibatkan gangguan prosedur Rehabilitasi"
"507","21","297.9","Z40-Z41.0.1.3, Z45, Z46.1.2.4.9-Z49, Z51-Z54","Orang yang mengunjungi pelayanan kesehatan Untuk tindakan perawatan khusus lainnya"
"508","21","298","Z31-Z33. Z37, Z55-Z99","Penunjang sarana kesehatan untuk alasan Lainnya"
"509","20","299.0","V 01 - V 8","Kecelakaan angkutan darat"
"510","20","299.1","V 90 - V 9","Kecelakaan angkutan air"
"511","20","299.2","V 95 - V 9","Kecelakaan angkutan udara dan ruang angkasa"
"512","20","299.9","V 98 -V 99","Kecelakaan angkutan lain"
"513","20","300","W 00 - W 1","Jatuh"
"514","20","301","W 65 - W 7","Kecelakaan tenggelam dan terbenam"
"515","20","302","X 00 - X 0","Terdedah asap, api dan uap"
"516","20","303.0","X 45","Keracunan akibat pemaparan alkohol"
"517","20","303.1","X 46","Keracunan akibat pemaparan pelarut organik & hidro"
"518","20","303.2","X 47","Keracunan akibat pemaparan gas-gas & uap-uap lainn"
"519","20","303.3","X 48","Keracunan akibat pemaparan pestisida"
"520","20","303.4","X 49","Keracunan akibat pemaparan bahan beracun berbahaya"
"521","20","303.9","X 40 - X 4","Kecelakaan keracunan dan terdedah oleh bahan berac"
"522","20","304.0","X 60 - X 6","Sengaja mencederai diri dengan bahan beracun"
"523","20","304.9","X 70 - X 8","Sengaja mencederai diri lainnya"
"524","20","305","X 85 - Y 0","Dicederai"
"525","20","306.0","X 10 - X 1","Kontak dengan bahan panas"
"526","20","306.1","X 20 - X 2","Kontak dengan binatang & tumbuhan beracun"
"527","20","306.2","X 30 - X 3","Terdedah faktor alam"
"528","20","306.3","Y 40 - Y 5","Efeksamping pengguna obat, bahan obat dan bahan bi"
"529","20","306.4","Y 60 - Y 8","Kesalahan pada pasien selama perawatan medis non b"
"530","20","306.5","W 42","Pemaparan bising"
"531","20","306.6","W 43","Pemaparan getaran"
"532","20","306.7","W 88","Pemaparan radiasi pengion"
"533","20","306.8","W 89","Pemaparan sinar ultra violet dan man-mide visible"
"534","20","306.9","W 90","Pemaparan radiasi pengion lain"
"535","20","306.10","W 91","Pemaparan radiasi YTT"
"536","20","306.11","X 50","Gangguan gerakan berulang-ulang dengan kekuatan b"
"537","20","306.12","X 96","Gangguan kesehatan yang berhubungan dengan kesehat"
"538","20","306.13","W20-W41, W","Sebab luar lainnya"
